<?xml version="1.0" encoding="UTF-8" standalone="no"?>
<!--
 * Copyright (C) 2020 ste
 *
 * This program is free software: you can redistribute it and/or modify
 * it under the terms of the GNU General Public License as published by
 * the Free Software Foundation, either version 3 of the License, or
 * (at your option) any later version.
 *
 * This program is distributed in the hope that it will be useful,
 * but WITHOUT ANY WARRANTY; without even the implied warranty of
 * MERCHANTABILITY or FITNESS FOR A PARTICULAR PURPOSE.  See the
 * GNU General Public License for more details.
 *
 * You should have received a copy of the GNU General Public License
 * along with this program.  If not, see <http://www.gnu.org/licenses/>.
 *
 -->
<rules>
  <battleRules>
    <rule>bfield.rules.mm.BattleMM</rule>
  </battleRules>
  <unitRules>bfield.rules.mm.UnitMM</unitRules>
  <armyRules>bfield.rules.mm.ArmyMM</armyRules>
  <classModifier>-1</classModifier>
  <effectiveness>-999</effectiveness>
  <highGroundMod>-999</highGroundMod>
  <stormMalus>-999</stormMalus>
  <baseAttackMultiplier>0.05</baseAttackMultiplier>
  <fortificationMod>-999</fortificationMod>
  <baseAttackBonus>-999</baseAttackBonus>
  <shallowWaterMalus>-999</shallowWaterMalus>
  <minimalDamage>-999</minimalDamage>
</rules>
