<?xml version="1.0" encoding="UTF-8" standalone="yes"?>
<!--
 * Copyright (C) 2020 ste
 *
 * This program is free software: you can redistribute it and/or modify
 * it under the terms of the GNU General Public License as published by
 * the Free Software Foundation, either version 3 of the License, or
 * (at your option) any later version.
 *
 * This program is distributed in the hope that it will be useful,
 * but WITHOUT ANY WARRANTY; without even the implied warranty of
 * MERCHANTABILITY or FITNESS FOR A PARTICULAR PURPOSE.  See the
 * GNU General Public License for more details.
 *
 * You should have received a copy of the GNU General Public License
 * along with this program.  If not, see <http://www.gnu.org/licenses/>.
 *
 -->
<conditions>
    <terrain>
        <condition name="Open"/>
        <unitCondition name="Forest" missile="-4" charge="-999"/>

        <condition denyCharge="true" missileMod="-4" name="Forest"/>
        <condition denyCharge="true" denyMissile="true" name="Jungle"/>
        <condition denyCharge="true" mountedUnitsMod="-2" name="Swamp"/>

        <condition name="Swamp" charge="-999"><condition if="Cav" melee="-2" def="-2"/></condition>
        

        <condition highGroundRule="hills" name="Hills"/>
        <condition denyCharge="true" artsOnly="true" highGroundRule="mountain" name="Mountains"/>
        <condition denyCharge="true" shallowWater="true" name="Shallow water"/>
    </terrain>
    <weather>
        <condition name="Normal"/>
        <condition name="Abnormal"/>
        <condition missileMod="-4" name="Inclement"/>
        <condition denyCharge="true" denyMissile="true" attackMod="-2" name="Storm"/>
    </weather>
    <visibility>
        <condition name="Full"/>
        <condition attackMod="-1" name="Limited"/>
    </visibility>
</conditions>
