<?xml version="1.0" encoding="UTF-8" standalone="no"?>
<!--
 * Copyright (C) 2020 ste
 *
 * This program is free software: you can redistribute it and/or modify
 * it under the terms of the GNU General Public License as published by
 * the Free Software Foundation, either version 3 of the License, or
 * (at your option) any later version.
 *
 * This program is distributed in the hope that it will be useful,
 * but WITHOUT ANY WARRANTY; without even the implied warranty of
 * MERCHANTABILITY or FITNESS FOR A PARTICULAR PURPOSE.  See the
 * GNU General Public License for more details.
 *
 * You should have received a copy of the GNU General Public License
 * along with this program.  If not, see <http://www.gnu.org/licenses/>.
 *
 -->
<rules>
  <battleRules>
    <rule>bfield.rules.srd.StandardAttack</rule>
    <rule>bfield.rules.srd.FixedAttack</rule>
    <rule>bfield.rules.srd.FixedSpecial</rule>
    <rule>bfield.rules.srd.D20Attack</rule>
    <rule>bfield.rules.srd.D20Special</rule>
    <rule>bfield.rules.srd.RandomAttacks</rule>
  </battleRules>
  <unitRules>bfield.rules.srd.UnitSRD</unitRules>
  <armyRules>bfield.rules.srd.ArmySRD</armyRules>
  <classModifier>2</classModifier>
  <effectiveness>-2</effectiveness>
  <highGroundBonus>2.0</highGroundBonus>
  <stormMalus>-2</stormMalus>
  <baseAttackMultiplier>0.05</baseAttackMultiplier>
  <fortificationMod>-1</fortificationMod>
  <baseAttackBonus>11</baseAttackBonus>
  <shallowWaterMalus>-2</shallowWaterMalus>
  <minimalDamage>1</minimalDamage>
  <tutorialFilename>tutorial.d20srd.html</tutorialFilename>
</rules>
